;valeur;jour
0;0.013078307451311236;134
1;0.01344373946757852;138
2;0.013637981933946474;139
3;0.013809036005630515;143
4;0.013846983855677715;143
5;0.01433671144151072;143
6;0.016569019265855352;145
7;0.01696237387340017;146
8;0.017254755194925645;147
9;0.018987268975806652;148
10;0.022154483389945717;148
11;0.023707580495250503;148
12;0.02398430038193604;149
13;0.024001587134774453;149
14;0.024989173326223656;150
15;0.0255114863233366;151
16;0.025601150767448195;151
17;0.02840779531480492;151
18;0.029631575295351528;152
19;0.029716745729612894;152
20;0.029743008287074178;152
21;0.030104443125585068;153
22;0.031031748826333874;154
23;0.03164198954065038;154
24;0.03166919168767442;154
25;0.0337022095754392;155
26;0.03503615404604737;155
27;0.035344423386686155;156
28;0.0356918273896015;156
29;0.03675452698256179;157
30;0.037558759510835295;157
31;0.038304969670709975;157
32;0.039482530045663856;158
33;0.03948988162333708;158
34;0.039587822324586276;159
35;0.040529598389591054;159
36;0.04058443457343925;160
37;0.04093862515971633;160
38;0.041692608175937326;160
39;0.04203109366630274;161
40;0.04310624714768101;162
41;0.043721294693445434;162
42;0.04377111134681922;162
43;0.044356741415602814;162
44;0.04487386416948228;163
45;0.04599015966881886;163
46;0.04659277210534972;163
47;0.04682616474541488;163
48;0.047817740089937555;163
49;0.04802973428458509;164
50;0.048043650957620775;164
51;0.048054929119681664;164
52;0.04872854561800854;164
53;0.049355768166628865;164
54;0.04942853090420866;164
55;0.049964326966772034;164
56;0.050172504056596616;164
57;0.050370413661692925;165
58;0.050782511163800226;165
59;0.05083712417262808;165
60;0.052140212000564436;165
61;0.05253790602906002;165
62;0.05330094073933589;165
63;0.05427256956902542;165
64;0.055601204492362444;166
65;0.05563840398707131;166
66;0.05567480199265355;166
67;0.055919303201272356;166
68;0.05690167901036864;166
69;0.05697094607787692;166
70;0.05762573316518752;167
71;0.0591090707827458;167
72;0.059185118894924844;167
73;0.060369160041786225;167
74;0.06060013912201355;167
75;0.06075223013751353;168
76;0.0645193898592432;168
77;0.06475822175843277;168
78;0.06512498096610168;168
79;0.06556212038816484;168
80;0.0668583465852464;168
81;0.06712219534384947;168
82;0.06714610690261531;168
83;0.06724331543161434;168
84;0.06850129019762083;168
85;0.06946317801917033;168
86;0.0718493428264966;168
87;0.07197393674885587;169
88;0.07217293071672701;169
89;0.07232620872000042;169
90;0.07637479255601085;169
91;0.07644299044048396;169
92;0.07683651591379352;169
93;0.07750141213078113;169
94;0.078597271349977;169
95;0.07917980236546814;169
96;0.0807912497908764;169
97;0.08080448990384761;169
98;0.08142171610889881;169
99;0.08165083138269943;169
100;0.08170962419255612;169
101;0.08225535137676677;169
102;0.08272219033377969;169
103;0.08304230411982984;169
104;0.08312265314581258;170
105;0.08359397175047588;170
106;0.08410459563932322;170
107;0.08535005542866493;170
108;0.08586298721315415;170
109;0.08641688160404075;170
110;0.08692249786578213;170
111;0.0874676340684753;170
112;0.0930864528363647;170
113;0.09315260331308903;170
114;0.09359221289413362;170
115;0.09402518015289252;170
116;0.0948274094379509;170
117;0.0948782522694367;171
118;0.09490303255007172;171
119;0.09499839791018475;171
120;0.09761612109591443;171
121;0.09769058079514038;171
122;0.099482419448366;171
123;0.09987151153142874;171
124;0.10049772160700296;171
125;0.10131515062679283;171
126;0.10238146841813096;171
127;0.10274040022246414;171
128;0.10318856605316616;171
129;0.10551796407413994;171
130;0.10608979428677427;171
131;0.10617312312809239;171
132;0.10623773776308978;171
133;0.10660624610495757;171
134;0.10892640430214559;171
135;0.10967517479708483;171
136;0.11122684922168517;171
137;0.11299037484614649;172
138;0.11299518145397358;172
139;0.1139517491723915;172
140;0.11538752305413756;172
141;0.11713805613925234;172
142;0.11893375320505802;172
143;0.11897932996578628;172
144;0.12030468830635403;172
145;0.12124225925332964;172
146;0.1214435312767905;172
147;0.12190959667068407;172
148;0.12203777349076324;172
149;0.12338667039583795;172
150;0.12409978807918028;172
151;0.12416446322485192;172
152;0.12460372436719756;173
153;0.1253800692371627;173
154;0.1263538134549452;173
155;0.12791819547757832;173
156;0.1283729650786691;173
157;0.12881042340487286;173
158;0.12933710645466395;173
159;0.12935309007071147;173
160;0.12951474209610317;173
161;0.13031940587978932;173
162;0.1308538063655502;174
163;0.13094158510149692;174
164;0.13164074641103057;174
165;0.1319400238609759;174
166;0.1323507865464199;174
167;0.13348419811853188;174
168;0.13674286160552712;174
169;0.13865536777971477;174
170;0.13885773976546112;174
171;0.1389315736597398;174
172;0.13900005946097224;174
173;0.1390080404537493;174
174;0.1390801669174736;174
175;0.1403521126314129;174
176;0.14126106635829658;174
177;0.14299152053305728;174
178;0.14335894722033807;174
179;0.14413215352736844;174
180;0.14460392970006636;174
181;0.1449203835095686;174
182;0.14535149368272976;175
183;0.14687236331277242;175
184;0.1472382843195718;175
185;0.1477709031071913;175
186;0.14850193111649176;175
187;0.1492017296809156;175
188;0.14973889205064508;175
189;0.15177685899394497;175
190;0.15415878068586691;175
191;0.1546650941276461;175
192;0.15520738901322514;175
193;0.15655263495421629;175
194;0.156861736669647;176
195;0.15711082463414808;176
196;0.15838624015653593;176
197;0.15945753502796373;176
198;0.1602186249504714;176
199;0.1603221873339236;176
200;0.16126730745954804;176
201;0.16453937790131892;176
202;0.16612778245679147;176
203;0.16731209663872584;176
204;0.16817498372870676;176
205;0.16818170145482947;176
206;0.1710193560203466;176
207;0.17241806130716225;176
208;0.17260842804138277;176
209;0.1736865344663069;176
210;0.17662874482581917;176
211;0.17789239007002539;176
212;0.17789239007002539;176
213;0.1791826611738296;176
214;0.17973739029276492;176
215;0.18029722555863834;176
216;0.18243022718601123;176
217;0.18294558624387966;176
218;0.184543463232851;176
219;0.19164705256539405;177
220;0.19229284627492105;177
221;0.19270613932552247;177
222;0.1927144230098587;177
223;0.19634729475765658;177
224;0.1972151843448278;177
225;0.19822961194586916;177
226;0.19999451024727397;177
227;0.2014710778272037;177
228;0.2042939571480448;177
229;0.20491416180310787;177
230;0.20758971703366594;177
231;0.2099936048446844;177
232;0.21162157981022645;177
233;0.21177650622481256;177
234;0.2126647659794667;177
235;0.21406769136685452;177
236;0.21448610199524037;178
237;0.21508670836831595;178
238;0.21661695610314355;178
239;0.21840420860036824;178
240;0.21955208343545396;178
241;0.21976781710658352;178
242;0.22006833876083087;178
243;0.22361708626127044;178
244;0.22422384372207113;178
245;0.22741344210517908;179
246;0.22891769758643682;179
247;0.22926696129063165;179
248;0.23046528383252643;179
249;0.232201778829171;179
250;0.23252702535365116;179
251;0.23268731980925508;179
252;0.23299321507198856;179
253;0.23302200037839005;179
254;0.23889000323117304;179
255;0.23996969146125496;179
256;0.24109645046913022;179
257;0.2418534859064893;179
258;0.243321957049139;179
259;0.24409198337611834;179
260;0.2450258487187898;179
261;0.24576110184942587;180
262;0.24795479279860316;180
263;0.25249378214023244;180
264;0.2532293921410774;180
265;0.25469717807980763;180
266;0.2548696421684248;180
267;0.2578573937384389;180
268;0.2610736078925175;180
269;0.26222155422966764;180
270;0.26339475519501787;180
271;0.2648824841030849;180
272;0.2662876063320709;180
273;0.2711391135530255;180
274;0.2711438151904868;180
275;0.27509494195728595;180
276;0.28025884532241846;181
277;0.2805110554885134;181
278;0.2815501626948334;181
279;0.2815986628741946;181
280;0.2819277287030052;181
281;0.28199205413449285;181
282;0.28251709177199336;181
283;0.2832338274602169;181
284;0.2889685174991425;181
285;0.29039749146370636;181
286;0.2924930714311713;181
287;0.29418883582928046;181
288;0.2975477374556109;181
289;0.3014325996791074;181
290;0.30308666975208026;181
291;0.3060111709499553;181
292;0.3150880916714615;182
293;0.31555619816533437;182
294;0.31802171539242496;182
295;0.31803706747683197;182
296;0.32040741682906504;182
297;0.32352201193955143;182
298;0.3239733195793952;182
299;0.32684234497886466;182
300;0.33215531619526434;182
301;0.3331267215730468;182
302;0.3340837878383391;182
303;0.3354778795359249;182
304;0.33933554141193184;182
305;0.34579585438941096;182
306;0.34677219328991576;182
307;0.34900950638074857;182
308;0.34908177354397746;182
309;0.3494102123784129;182
310;0.3496499490579226;182
311;0.3496898823468159;182
312;0.35136716739290835;182
313;0.3562650595624128;182
314;0.36059810452844965;183
315;0.3614940386468984;183
316;0.36172948262263294;183
317;0.3628551109027507;183
318;0.37228506633050523;183
319;0.3797977231769164;183
320;0.3813142868886477;183
321;0.3860529655704383;183
322;0.3878617528690253;183
323;0.3929555632148211;183
324;0.40203861726569934;183
325;0.40234222113281726;183
326;0.40234222113281726;183
327;0.40323063865669834;183
328;0.40423222055392133;183
329;0.40658120067518916;184
330;0.41086541293130524;184
331;0.41186069197253034;184
332;0.4134239199486789;184
333;0.4142433692957852;184
334;0.41460876412499936;184
335;0.4171429924959848;184
336;0.42153962920959;184
337;0.4230942523511473;184
338;0.4237866040178042;184
339;0.4298185268357919;184
340;0.4334918755556477;184
341;0.43496096224778924;184
342;0.4389594820671385;184
343;0.43997321676516254;184
344;0.44054463902943525;184
345;0.44340300960124635;184
346;0.4466239037756362;184
347;0.4493845621002649;184
348;0.4520357930500249;184
349;0.45262891485111273;184
350;0.4585863524222841;184
351;0.4609543497759679;184
352;0.46372156630419537;184
353;0.46475487272766786;184
354;0.4652353096033242;184
355;0.47245383204233704;184
356;0.4768294651093169;184
357;0.48314794861088034;184
358;0.4869328734797176;184
359;0.4883574618738615;185
360;0.49586412379375927;185
361;0.5061437069761088;185
362;0.5091529515377597;185
363;0.5165462449616169;185
364;0.5208368827104458;185
365;0.5220168091378955;185
366;0.5220247568002564;185
367;0.5258763969346618;185
368;0.5379614774538334;185
369;0.5392244156663102;185
370;0.54891836572795;185
371;0.5490325423824359;185
372;0.5599738758378586;185
373;0.5615130899429747;185
374;0.5624977684829534;185
375;0.5626992026774322;185
376;0.5696897564164726;185
377;0.5786169816495239;185
378;0.5882106070659773;185
379;0.5908404562342667;185
380;0.5962665543473369;185
381;0.5972847650361851;185
382;0.6015804132050224;185
383;0.6019586698188996;185
384;0.603283269129201;185
385;0.6036820159376582;185
386;0.6079577953997857;185
387;0.6103517531739105;185
388;0.6125475581083688;186
389;0.6143540225832604;186
390;0.6216130359605994;186
391;0.6284686284457941;186
392;0.6314683630197376;186
393;0.636842038743851;186
394;0.6379231172449094;186
395;0.6385317986520008;186
396;0.6453242819971314;186
397;0.6521091798507923;186
398;0.6672050186514019;186
399;0.6721676157995967;186
400;0.6739872707517179;186
401;0.6763589273562935;186
402;0.6771087396909296;186
403;0.6818779235911194;186
404;0.6830514038175122;186
405;0.6837434873438623;186
406;0.6879401335715929;186
407;0.6887371621670508;186
408;0.6902682977434057;186
409;0.6977740074275252;186
410;0.6997521702218922;186
411;0.7020625834981841;186
412;0.7082741263329999;186
413;0.7116107439115386;186
414;0.7129994868057634;186
415;0.7135489858504078;186
416;0.7147085701243628;187
417;0.7215667986688389;187
418;0.7320618518564606;187
419;0.7329038077996984;187
420;0.7349241952744312;187
421;0.7489245223932233;187
422;0.7506044146728489;187
423;0.752280432811059;187
424;0.7549230456505772;187
425;0.7834399632587629;187
426;0.7845527716818341;187
427;0.8021595889773444;187
428;0.804952710235112;187
429;0.8135551572260739;187
430;0.8136013679544148;187
431;0.8223408965147996;187
432;0.8229558710065928;187
433;0.8239781023562632;187
434;0.8280618426514763;187
435;0.8328055880982265;187
436;0.835389083844279;188
437;0.8465509554948816;188
438;0.851605878616908;188
439;0.8545948188083423;188
440;0.8586095049983736;188
441;0.8662917715893649;188
442;0.875184167535881;188
443;0.8759429912143201;188
444;0.8764782011209722;188
445;0.8792317745548894;188
446;0.8955868752497056;188
447;0.8974198343208558;188
448;0.9046640969121107;188
449;0.9238736495409939;188
450;0.9291058436728292;188
451;0.9313236654205124;188
452;0.9383775353534813;188
453;0.9503324630968377;188
454;0.9529150218014973;188
455;0.956857282209814;188
456;0.9641837916341452;188
457;0.9658332026039573;188
458;0.9666660906975244;188
459;0.9741808208491025;188
460;0.9765153014738825;188
461;0.9838972258699289;188
462;0.9860270650653679;188
463;0.986067454399793;188
464;0.9861436798518092;189
465;0.994438578714878;189
466;0.9968860460388382;189
467;1.0044008882025848;189
468;1.0081770602974738;189
469;1.0161217364890702;189
470;1.0225661520598748;189
471;1.0246615335758347;189
472;1.0296295769357262;189
473;1.0313184156572028;189
474;1.0313184156572028;189
475;1.0317427515688693;189
476;1.0447743805180258;189
477;1.045853036678932;189
478;1.0509880151928253;189
479;1.0548565977874313;189
480;1.0556836883513432;189
481;1.0569896602807438;189
482;1.0603940585836273;189
483;1.0656478263198566;189
484;1.067363439873921;189
485;1.0691253458283285;189
486;1.0887367535602652;189
487;1.0918772017392828;189
488;1.0922305505078285;189
489;1.0952890816097924;189
490;1.1011588472199902;189
491;1.1053989175710912;190
492;1.1098017121360964;190
493;1.1244392989617875;190
494;1.1337266624050053;190
495;1.1436066014441024;190
496;1.1467012253957007;190
497;1.1529362756378878;190
498;1.1665867528629417;190
499;1.1760274566487174;190
500;1.1863922550799495;190
501;1.1908990757658953;190
502;1.1989558415454151;190
503;1.2009717738567018;190
504;1.2093675425577424;190
505;1.218410200018896;190
506;1.2210260272049172;190
507;1.2259027543314982;190
508;1.2261378387563409;190
509;1.2262398519591402;190
510;1.2298221191715362;190
511;1.238907841106088;190
512;1.2547094726091044;190
513;1.2664759209418748;190
514;1.2789480643200353;190
515;1.2958163898709962;190
516;1.3015053371952312;190
517;1.3025949898033466;190
518;1.314082136232427;190
519;1.3152764205921708;191
520;1.3186750457758307;191
521;1.324480335401869;191
522;1.33334983036099;191
523;1.3404554356764888;191
524;1.3415010818305708;191
525;1.3472327983090955;191
526;1.349480932700632;191
527;1.3598160555500949;191
528;1.3634405395007247;191
529;1.3722130999095583;191
530;1.3738008602958882;191
531;1.3765275581504226;191
532;1.3772322595476758;191
533;1.3806177723064879;191
534;1.3860035562302402;191
535;1.3925845652132478;191
536;1.4000453853990424;191
537;1.4104360609642486;191
538;1.4157957178437715;191
539;1.418341247203097;191
540;1.4203454540619718;191
541;1.4216030026487223;191
542;1.4308868615383608;191
543;1.4359267398572797;191
544;1.4366076812933657;191
545;1.4405355574337357;191
546;1.4516163386996261;191
547;1.463052752803794;191
548;1.4647614665742896;191
549;1.4746329468925552;191
550;1.4763322195043551;191
551;1.4772627005643297;191
552;1.4824836672474553;192
553;1.4913800343676682;192
554;1.4969028529673667;192
555;1.4992446879659536;192
556;1.5102192016944551;192
557;1.527938287878934;192
558;1.5422411714169406;192
559;1.5460752837499108;192
560;1.5464879168082188;192
561;1.554044349482497;192
562;1.5576258004102685;192
563;1.5583494364047448;192
564;1.5602145417651712;192
565;1.5616624166700306;192
566;1.5671615924324895;192
567;1.569385626895703;192
568;1.5725782533498949;192
569;1.5824701241367853;192
570;1.5850552150729686;192
571;1.622934695366879;192
572;1.6257184053642784;192
573;1.63494849558481;192
574;1.6370316257031194;192
575;1.6390021967312804;192
576;1.646397669857232;192
577;1.6752824081738011;192
578;1.6788899789947334;192
579;1.6933043409767896;193
580;1.6942730789934193;193
581;1.6984350404799995;193
582;1.7019435294630787;193
583;1.7039890016992518;193
584;1.7102960440898165;193
585;1.7111656520227785;193
586;1.721029693608455;193
587;1.7339270580741248;193
588;1.749570611243691;193
589;1.7504498522475265;193
590;1.7521201077020567;193
591;1.764649377729593;193
592;1.768752712082739;193
593;1.7728155967127843;193
594;1.79152335134282;193
595;1.7991579886043234;193
596;1.8021900797043795;193
597;1.8024479328732588;193
598;1.8138864180213092;193
599;1.815120175893622;193
600;1.8218058292849342;193
601;1.8262882569198033;193
602;1.834064144030501;193
603;1.8505345328291167;193
604;1.850920882301417;193
605;1.8533029999993078;193
606;1.8580933473264907;193
607;1.8636292677108344;193
608;1.8640777626011227;193
609;1.8714617599738714;194
610;1.8738352748076388;194
611;1.8852464645930918;194
612;1.9095052705575797;194
613;1.9294693866528976;194
614;1.9420963421612027;194
615;1.962305794951595;194
616;1.966857165882089;194
617;1.9856605992932337;194
618;1.9915852205535496;194
619;1.9958470833459652;194
620;2.0239889633751207;194
621;2.0615369210170815;194
622;2.0740675325503157;194
623;2.093954756985044;194
624;2.1014312354915683;194
625;2.101672081567455;194
626;2.146459245169776;194
627;2.1474313112312178;194
628;2.1488486403301437;194
629;2.1566226367692556;194
630;2.176056811157845;194
631;2.198279370108978;194
632;2.213381035216278;195
633;2.2575313643500365;195
634;2.272909356062683;195
635;2.277564773345101;195
636;2.299487526131734;195
637;2.345427009604732;195
638;2.3487828823430323;195
639;2.3517023546041234;195
640;2.3524067321737268;195
641;2.3730987742669267;195
642;2.3901789922127605;195
643;2.4030500217949813;195
644;2.415730329823153;195
645;2.4263100577207832;195
646;2.437593923553924;195
647;2.463109985855601;195
648;2.468967856711415;195
649;2.479817390788352;195
650;2.5027042287993795;195
651;2.523655105313093;195
652;2.527198966433968;195
653;2.5443708440617043;195
654;2.5581454432654267;195
655;2.5722873559323722;195
656;2.580857549439795;195
657;2.580895017964709;195
658;2.5821605443230493;195
659;2.5843818877152738;195
660;2.6030409337049445;195
661;2.6053329791819437;195
662;2.6081786185455162;195
663;2.610171588589958;196
664;2.6219441896846933;196
665;2.6333331447928474;196
666;2.640205297343965;196
667;2.656635752529148;196
668;2.6577524114695947;196
669;2.6828594869005515;196
670;2.6898230305694226;196
671;2.6995420654410207;196
672;2.7053243739563992;196
673;2.7247709309639845;196
674;2.7426468628857257;196
675;2.764041109361591;196
676;2.7839433825106954;196
677;2.7994122653297864;196
678;2.8133360581670677;196
679;2.8239238880315622;196
680;2.840271460876089;196
681;2.8476599807293512;196
682;2.849348797715289;196
683;2.853375474894463;196
684;2.8555202652093494;196
685;2.858581102489879;196
686;2.8590282231145663;196
687;2.871807768037796;196
688;2.922862697201631;196
689;2.926366079333645;196
690;2.936117299841817;196
691;2.9627383223380015;196
692;2.9660345782378275;196
693;2.978533950367231;197
694;2.990946187715851;197
695;3.005699657977758;197
696;3.0122434688591895;197
697;3.0177382185844506;197
698;3.024390365860278;197
699;3.0464285244920672;197
700;3.0624355141346054;197
701;3.065043349846031;197
702;3.065054358407264;197
703;3.065850740478708;197
704;3.073837050867797;197
705;3.101326900984575;197
706;3.129983149690904;197
707;3.130883620236259;197
708;3.131257906153147;197
709;3.1331227612431607;197
710;3.1588011504830185;197
711;3.1752016306031914;197
712;3.1896971660008155;197
713;3.190654422686261;197
714;3.2001707629682135;197
715;3.2030771727930265;197
716;3.21832451128804;197
717;3.2209752150440223;197
718;3.2532443796662944;197
719;3.2644549632048396;197
720;3.2772605612573886;197
721;3.2818514533217487;197
722;3.2989982064049785;197
723;3.3042491644436773;197
724;3.356362693291967;198
725;3.36001048637936;198
726;3.3765264724679698;198
727;3.3769119948393524;198
728;3.3803157484439215;198
729;3.4048071235126187;198
730;3.406458736844518;198
731;3.4096025291366905;198
732;3.431144887161192;198
733;3.4535153793712796;198
734;3.455792983315596;198
735;3.464520760651537;198
736;3.4798751605987897;198
737;3.488188028550377;198
738;3.4916578915238894;198
739;3.4939954117949656;198
740;3.5085301854485222;198
741;3.5354443606392665;198
742;3.563941917194395;198
743;3.5700493696282845;198
744;3.576687564485747;198
745;3.644194274671721;198
746;3.6645773542359343;198
747;3.6760899035436547;198
748;3.6793161550598237;198
749;3.7554117984575286;198
750;3.779011677846517;198
751;3.7810302119679946;198
752;3.783430009442956;199
753;3.784294924929854;199
754;3.7871221990869124;199
755;3.8362574772605824;199
756;3.8590353498300587;199
757;3.859298359254736;199
758;3.8758649002247276;199
759;3.8764434225991122;199
760;3.885512684323822;199
761;3.8917559971973534;199
762;4.057064471569082;199
763;4.0594020937533974;199
764;4.0834768262840795;199
765;4.085922728872423;199
766;4.114944704301061;199
767;4.1315386506241625;199
768;4.131685440855139;199
769;4.148813398334554;199
770;4.156516517364847;200
771;4.162773378845437;200
772;4.169288412152007;200
773;4.2047121979101725;200
774;4.211051033257499;200
775;4.216586211193782;200
776;4.227957912284042;200
777;4.2332627921065535;200
778;4.234054465517655;200
779;4.252777651398865;200
780;4.27668030875467;200
781;4.283015029535736;200
782;4.289914351855996;200
783;4.299274107893615;200
784;4.303460800733222;200
785;4.329378258228541;200
786;4.3302992493078705;200
787;4.335086956391813;200
788;4.38628115294277;200
789;4.393876043613327;200
790;4.412657424024092;200
791;4.4268409318747795;200
792;4.440462580761928;200
793;4.445725120673425;200
794;4.484813386482495;200
795;4.533671141024078;201
796;4.543174231286553;201
797;4.557978032772438;201
798;4.5655740299377054;201
799;4.565867919688943;201
800;4.566850153973785;201
801;4.5783029833941775;201
802;4.593796181492741;201
803;4.59917213136346;201
804;4.6026153522809015;201
805;4.605131882728927;201
806;4.647416081476442;201
807;4.656837848918961;201
808;4.697025274178735;201
809;4.710083157853492;201
810;4.728693651454136;201
811;4.761097658805807;201
812;4.786294353973626;202
813;4.842881289943162;202
814;4.863124560506246;202
815;4.9659638075849815;202
816;5.005091348194958;202
817;5.015065363098088;202
818;5.037226258993177;202
819;5.0505812705838915;202
820;5.055713371132205;202
821;5.091064874623488;202
822;5.094166595554006;202
823;5.143311662033543;202
824;5.166062049807959;202
825;5.166460518458202;202
826;5.176495206968315;202
827;5.214404271320452;202
828;5.227888960768243;202
829;5.23278919351667;202
830;5.2461044746162235;202
831;5.256644896189354;202
832;5.270381237024251;202
833;5.307128693751004;202
834;5.308439917483895;202
835;5.31559874762086;202
836;5.340379071817173;202
837;5.364678081252513;202
838;5.382187221250998;202
839;5.40156837011655;202
840;5.418594731523264;202
841;5.436430610711604;203
842;5.446417964720153;203
843;5.490995330653438;203
844;5.494857786637597;203
845;5.540630099364238;203
846;5.551258425127183;203
847;5.552994173131765;203
848;5.564563521396791;203
849;5.566096176811685;203
850;5.581951899887337;203
851;5.582165970535627;203
852;5.632572943819798;203
853;5.70794584306762;203
854;5.746395982932196;203
855;5.749888480189692;203
856;5.771443249492555;203
857;5.771580309794624;203
858;5.782317439119903;203
859;5.874106662118717;203
860;5.931213957144764;203
861;5.957228597194587;203
862;5.986423626710005;203
863;6.021712828467723;203
864;6.032871076276499;203
865;6.039482022871445;203
866;6.059971418568932;203
867;6.1528327885784755;204
868;6.165672959307141;204
869;6.228317367529016;204
870;6.2610618766295785;204
871;6.299978870426859;204
872;6.364019597655199;204
873;6.365952822909284;204
874;6.372636312911532;204
875;6.409662986465571;204
876;6.425742198895855;204
877;6.475337120482285;204
878;6.478250639453079;204
879;6.481061721443505;204
880;6.506109821032873;204
881;6.551690032000939;204
882;6.566764518378359;204
883;6.60829300680679;204
884;6.652831318960403;204
885;6.7416842639116465;204
886;6.824195005550863;204
887;6.833106215380845;204
888;6.836655885156918;204
889;6.892282757497699;204
890;6.907497662387785;204
891;6.910356219001207;204
892;6.9307322810465335;204
893;6.946841258967699;204
894;7.017155174267283;204
895;7.068692442925994;205
896;7.07802990940665;205
897;7.107657875558462;205
898;7.1137732386198635;205
899;7.114496902194371;205
900;7.114867919926586;205
901;7.11740220079676;205
902;7.122532303849142;205
903;7.1447958737282455;205
904;7.16140842058227;205
905;7.200001037445278;205
906;7.216547405094123;205
907;7.254074236061058;205
908;7.261444803973221;205
909;7.275097136549299;205
910;7.2816998757899105;205
911;7.282291492542791;205
912;7.341425744440968;205
913;7.343405468442688;206
914;7.367015828361789;206
915;7.434822466876271;206
916;7.478419528646102;206
917;7.494642683592345;206
918;7.524312624343762;206
919;7.568426128670748;206
920;7.575502381051311;206
921;7.640843388108345;206
922;7.6652222892430615;206
923;7.688929229666599;206
924;7.69424880916398;206
925;7.737588762044979;206
926;7.793823203430938;206
927;7.7941625641983405;206
928;7.8487994690810785;206
929;7.851327197699561;206
930;7.855004227271296;206
931;7.864784335313982;206
932;7.888948226004046;206
933;7.898922534342762;206
934;7.917483071151403;206
935;7.943035081225871;206
936;8.10153309887964;206
937;8.170834885744046;206
938;8.249753010777708;207
939;8.296648551076663;207
940;8.328591779560785;207
941;8.415941101313173;207
942;8.427344611732632;207
943;8.454195894669922;207
944;8.592674585637107;207
945;8.60830949578168;207
946;8.665992424598047;207
947;8.736608179125016;207
948;8.98527858048596;207
949;9.000069531991066;207
950;9.024353626056204;207
951;9.058224251760802;207
952;9.06865012881754;207
953;9.125003888034062;207
954;9.253306476608405;207
955;9.31421825667829;207
956;9.319272737105505;207
957;9.3204754116317;207
958;9.331669325506219;207
959;9.355252448529987;207
960;9.383947996569193;207
961;9.422694928477355;207
962;9.432628602758431;207
963;9.448991234427023;208
964;9.481821328737679;208
965;9.530416361333872;208
966;9.539245891500261;208
967;9.54053562669526;208
968;9.572803263582287;208
969;9.613335374409496;208
970;9.619982248504543;208
971;9.624368070167064;208
972;9.639480295096238;208
973;9.671143754074334;208
974;9.751028890416645;208
975;9.807057985413296;208
976;9.834432643313706;208
977;9.871150240271898;208
978;9.903138822589915;208
979;9.922852926941518;208
980;9.966651021981956;208
981;10.010416741076835;208
982;10.016021923552717;208
983;10.016714899273525;208
984;10.025675538658753;208
985;10.059484577090583;209
986;10.060469323629322;209
987;10.064008164304841;209
988;10.077936992928924;209
989;10.143761370260101;209
990;10.172959252287061;209
991;10.204621528181187;209
992;10.21972104249843;209
993;10.21972104249843;209
994;10.256938145443408;209
995;10.322577102315245;209
996;10.393961935815726;209
997;10.441549504341886;209
998;10.502708412179215;209
999;10.648685259939638;209
1000;10.684995074305178;209
1001;10.695099468386028;209
1002;10.715675980743173;209
1003;10.74513635927157;209
1004;10.761875500244335;209
1005;10.783320981922396;209
1006;10.79362219975189;209
1007;10.881637114459764;209
1008;10.882394324643379;210
1009;10.900432990555759;210
1010;10.967979346133669;210
1011;11.025302178283388;210
1012;11.062038573400446;210
1013;11.064435606849953;210
1014;11.092147780108442;210
1015;11.120009159260723;210
1016;11.159712029273742;210
1017;11.206748707727726;210
1018;11.235287392022045;210
1019;11.258417151395033;210
1020;11.273158462121152;210
1021;11.283079606013228;210
1022;11.295846878119338;210
1023;11.319933517064493;210
1024;11.352715873338123;210
1025;11.371961390194038;210
1026;11.378537869558427;210
1027;11.497353993445364;210
1028;11.517106240583997;210
1029;11.555549732808204;210
1030;11.587175791706342;210
1031;11.599118916417709;211
1032;11.746423517010692;211
1033;11.750199182587005;211
1034;11.775388940213908;211
1035;11.80116001668499;211
1036;11.81311433941001;211
1037;11.899038844636278;211
1038;11.969250949754748;211
1039;12.00018472458073;211
1040;12.0133537304677;211
1041;12.063905015776488;211
1042;12.08032228068856;211
1043;12.208238453145615;211
1044;12.243336009712149;211
1045;12.339222182568472;211
1046;12.371619926375368;211
1047;12.411003884268812;211
1048;12.424460925783695;211
1049;12.457319106214031;211
1050;12.503942465704199;211
1051;12.543361187320318;211
1052;12.61439246176771;211
1053;12.625081054073808;211
1054;12.77490953319454;211
1055;12.780107912165864;211
1056;12.801289523666059;211
1057;12.830336615082167;211
1058;12.833544518599929;212
1059;12.978243633174902;212
1060;13.015702811806538;212
1061;13.034369240246988;212
1062;13.068277304420253;212
1063;13.129328290079524;212
1064;13.181085702928021;212
1065;13.305848470935334;212
1066;13.353619919614987;212
1067;13.383601661363105;212
1068;13.38854123001669;212
1069;13.401127451993437;212
1070;13.562326998706677;212
1071;13.604918450389144;212
1072;13.626513637892327;212
1073;13.634081900393404;212
1074;13.67073925024497;212
1075;13.759161884882335;212
1076;13.762722652758933;212
1077;13.76677984673574;212
1078;13.816522383632478;212
1079;13.904412764529864;212
1080;13.979203601494936;212
1081;13.993273785180602;213
1082;14.023418562944588;213
1083;14.131398640859498;213
1084;14.164666464051306;213
1085;14.187050474965194;213
1086;14.198236916156763;213
1087;14.230628499988676;213
1088;14.277935894142997;213
1089;14.37408566996136;213
1090;14.443391295924602;213
1091;15.016249780653887;213
1092;15.16015591556992;213
1093;15.19781241375668;213
1094;15.201279752479913;213
1095;15.249569795579802;213
1096;15.264859546574312;213
1097;15.275120378212845;213
1098;15.293443659651365;213
1099;15.308393417535253;214
1100;15.370787271711162;214
1101;15.544076687571334;214
1102;15.578423513746182;214
1103;15.58383215506565;214
1104;15.675726499714191;214
1105;15.883788755229213;214
1106;16.022019558094318;214
1107;16.09627736832964;214
1108;16.09836329686291;214
1109;16.286536837904514;214
1110;16.38562736390015;214
1111;16.391071385538233;214
1112;16.47943746359914;214
1113;16.524175900916248;214
1114;16.53366154326619;214
1115;16.559656406901297;214
1116;16.587059631882937;214
1117;16.616652487438067;214
1118;16.652564753471296;214
1119;16.73084171752547;214
1120;16.758270235547887;214
1121;16.77553164552011;214
1122;16.996817762613365;214
1123;17.059700853443427;214
1124;17.09535386348427;215
1125;17.178434279475766;215
1126;17.218071457981047;215
1127;17.244451797655913;215
1128;17.414116742802083;215
1129;17.466780994452176;215
1130;17.507499812255766;215
1131;17.56281314330935;215
1132;17.57365948587003;215
1133;17.607895934932554;215
1134;17.65957772655189;215
1135;17.68089024507032;215
1136;17.72594381533725;215
1137;17.851121074651786;215
1138;17.896068927414085;215
1139;17.914144734729636;215
1140;18.042726015700968;215
1141;18.152586809182107;215
1142;18.224680822550532;215
1143;18.24719694338384;215
1144;18.25100979556482;215
1145;18.3066123179467;215
1146;18.31372062348107;215
1147;18.379350605458995;216
1148;18.463267046450206;216
1149;18.608528940513878;216
1150;18.64562825806692;216
1151;18.66981464338229;216
1152;18.683092351925243;216
1153;18.84742067955085;216
1154;18.977783518402646;216
1155;19.083407182246827;216
1156;19.09932682935418;216
1157;19.149312350362543;216
1158;19.25726359884277;216
1159;19.264687078026398;216
1160;19.572835297184195;216
1161;19.621549367630557;216
1162;19.626746189573705;216
1163;19.658649532044514;216
1164;19.658966665738646;217
1165;19.735179563812608;217
1166;19.74712508967743;217
1167;19.761775408488333;217
1168;19.77736028611472;217
1169;19.779944352446023;217
1170;19.81102098762934;217
1171;19.84809466738143;217
1172;19.859238288896517;217
1173;19.89080595698478;217
1174;19.942949889306306;217
1175;19.948239009190132;217
1176;20.048392591779653;217
1177;20.12210844077622;217
1178;20.18563933780919;217
1179;20.342843458162104;217
1180;20.552573358983942;217
1181;20.564694081690188;217
1182;20.612770510207728;217
1183;20.88347874242943;217
1184;20.990368852724128;217
1185;21.041085540761095;217
1186;21.14294305732639;217
1187;21.21739390696918;218
1188;21.266449345787983;218
1189;21.312494191730966;218
1190;21.383670725517085;218
1191;21.39169843592953;218
1192;21.392325259499074;218
1193;21.43974378594186;218
1194;21.546534818887952;218
1195;21.63245367505453;218
1196;21.738828626576407;218
1197;21.848057810716128;218
1198;21.95457854313968;218
1199;22.13284485260641;218
1200;22.175408858078367;218
1201;22.20666790848018;218
1202;22.277349852840366;218
1203;22.37497325887675;219
1204;22.441681196503943;219
1205;22.51770964026502;219
1206;22.59906576437995;219
1207;22.68626455057655;219
1208;22.688799128401975;219
1209;22.735498532290762;219
1210;22.738304587647026;219
1211;22.92520129794281;219
1212;23.10684270826645;219
1213;23.347642028636905;219
1214;23.63720966729655;219
1215;23.69679149266074;219
1216;23.7574215384;219
1217;24.111743873942412;219
1218;24.37348425373373;219
1219;24.611437540722704;219
1220;24.76816325855258;219
1221;25.00885437176088;219
1222;25.00885437176088;219
1223;25.19823209675546;219
1224;25.345678230121116;219
1225;25.411712959659607;220
1226;25.48999423384957;220
1227;25.527705221969093;220
1228;25.532104875988576;220
1229;25.880079558561196;220
1230;25.943559284962507;220
1231;26.03243412752673;220
1232;26.127158322431733;220
1233;26.224940530045814;220
1234;26.30735601601197;220
1235;26.681516050732032;220
1236;26.818923807646964;220
1237;26.835343130728948;220
1238;26.937602066282643;220
1239;27.189866649040347;220
1240;27.234030558723788;220
1241;27.347482237580145;220
1242;27.395682088571572;220
1243;27.399417251304413;220
1244;27.865800231082105;220
1245;27.959395007450365;221
1246;27.968355701737654;221
1247;28.026218843306783;221
1248;28.034279341572045;221
1249;28.3222257226999;221
1250;28.345366761008762;221
1251;28.466245122285198;221
1252;28.79728075919665;221
1253;29.151080848490647;221
1254;29.38861103250812;221
1255;29.399812654043185;221
1256;29.547113737075296;221
1257;29.634897710956558;222
1258;29.635654665451728;222
1259;29.642978799814642;222
1260;29.777429696420313;222
1261;29.851479729023335;222
1262;29.947330006749755;222
1263;30.016883718166046;222
1264;30.453253957304888;222
1265;30.482700203669033;222
1266;30.48963808685638;222
1267;30.498903154975917;222
1268;30.74801009646735;222
1269;30.763368842381343;223
1270;30.809558476276163;223
1271;30.81514407889742;223
1272;30.815872921278224;223
1273;30.858191453663522;223
1274;30.86350384657908;223
1275;30.917296924734437;223
1276;30.971951524247537;223
1277;31.139221208805562;223
1278;31.305685705900217;223
1279;31.40031421803365;223
1280;31.429004444729507;223
1281;31.513048359662204;223
1282;31.589702374754243;223
1283;31.733641150967696;223
1284;31.737614741347905;223
1285;31.93545506561498;223
1286;32.22706452699926;223
1287;32.27374691518171;223
1288;32.64462962133088;223
1289;32.689403941341325;224
1290;32.85920686529591;224
1291;32.975363930902404;224
1292;33.01165373460477;224
1293;33.01370895403736;224
1294;33.37289755544144;224
1295;33.38243987857873;224
1296;33.61393448740189;224
1297;33.6604690982698;224
1298;33.67763094525475;224
1299;33.8082981392913;224
1300;34.004956716152925;224
1301;34.162094182570065;224
1302;34.226415766442024;224
1303;34.338214122089425;224
1304;34.407043481143305;224
1305;34.44961799827438;225
1306;34.68454696572618;225
1307;34.6993041874326;225
1308;34.71783160529682;225
1309;34.74716944285272;225
1310;34.88234777041881;225
1311;34.89598504021322;225
1312;35.19971834526591;225
1313;35.33206493724044;225
1314;35.51012421120129;225
1315;35.61788562661679;225
1316;35.65121083296332;225
1317;35.66251373554213;225
1318;35.76986371083602;226
1319;35.85781058157159;226
1320;35.947584636664146;226
1321;36.1418859960776;226
1322;36.15575498629031;226
1323;36.167802324401606;226
1324;36.37110491328714;226
1325;36.59938397226403;226
1326;36.83889992880157;226
1327;36.942287095891274;226
1328;37.02051979708474;226
1329;37.12135269189794;226
1330;37.141732283769926;226
1331;37.26708349862588;226
1332;37.47463632225381;226
1333;37.54445332172844;226
1334;38.02490428325164;227
1335;38.119682142447935;227
1336;38.13150497129444;227
1337;38.20053341097344;227
1338;38.22790124230147;227
1339;38.33038959493405;227
1340;38.37586400276672;227
1341;38.60012250486453;227
1342;38.95464362700375;227
1343;39.16034994868225;227
1344;39.162425993644725;227
1345;39.20827631384612;227
1346;39.48296463807249;227
1347;39.60461921690466;227
1348;39.63120063934575;227
1349;39.686215545361286;227
1350;39.691640656896794;227
1351;39.76526839253623;228
1352;40.051519535374894;228
1353;40.099730470181996;228
1354;40.18744932357082;228
1355;40.55012100857557;228
1356;40.56166604347816;228
1357;40.59144542972708;228
1358;40.72044253124268;228
1359;40.765998543060874;228
1360;40.82172511342165;229
1361;40.873063348275764;229
1362;40.90109583266742;229
1363;41.16711223780813;229
1364;41.240854669360786;229
1365;41.31070506186666;229
1366;41.58023469390124;229
1367;41.891592209335904;229
1368;41.917168638662154;229
1369;42.036768725310324;229
1370;42.44397771860589;229
1371;42.46489360270678;229
1372;42.47006774312997;229
1373;42.77523730957208;229
1374;42.90655511513935;229
1375;42.92459274664795;229
1376;43.04749482828345;230
1377;43.18565282605914;230
1378;43.30489273201917;230
1379;43.361034230057435;230
1380;43.42373668726067;230
1381;43.50074427438038;230
1382;43.69375622923695;230
1383;43.879147519477854;230
1384;43.88314728589509;230
1385;44.057838368498686;230
1386;44.282677218449685;230
1387;44.3349038463052;230
1388;44.343716753145024;230
1389;44.42327656944466;230
1390;44.58393062947046;230
1391;44.7421883148058;230
1392;44.767551654290486;230
1393;44.78532172852115;230
1394;44.795915871251346;230
1395;44.810100366213966;230
1396;44.82330950857944;230
1397;44.887583532641486;231
1398;45.007160998002355;231
1399;45.04007279597423;231
1400;45.147617898468994;231
1401;45.17690280129352;231
1402;45.41133317409893;231
1403;45.57592975539527;231
1404;45.66595667662521;231
1405;45.67645979364369;231
1406;46.006646540375;231
1407;46.007118052518145;231
1408;46.35980255439893;232
1409;46.45297662035721;232
1410;46.517641992963235;232
1411;46.565400987676924;232
1412;46.60719010795365;232
1413;46.68997603937283;232
1414;46.83484723192958;232
1415;47.16778415981687;232
1416;47.23857404772347;232
1417;47.35107297220096;232
1418;47.48577045684682;232
1419;47.55172164801467;232
1420;47.58393814608034;232
1421;47.64890711623986;232
1422;47.66311383303641;232
1423;48.236193535250734;233
1424;48.37442586653967;233
1425;48.45330696535943;233
1426;48.52950872393016;233
1427;48.58946430100298;233
1428;48.72073754137062;233
1429;48.86413070047902;233
1430;48.868667924087134;233
1431;49.13662607617784;233
1432;49.15261547225636;233
1433;49.168772493981805;233
1434;49.338509258552136;233
1435;49.60848960812434;233
1436;49.78796023778063;234
1437;49.89441353962219;234
1438;49.90945029635346;234
1439;49.98271459338623;234
1440;50.276347428448425;234
1441;50.46904847664693;234
1442;50.53774915293886;234
1443;50.59598252067492;234
1444;50.631364745216516;234
1445;50.89417516807588;234
1446;50.98451914691916;234
1447;51.09222382057542;235
1448;51.5992325019742;235
1449;51.68539381658429;235
1450;51.792894480697775;235
1451;51.99661725239373;235
1452;52.11900962752355;235
1453;52.22774983395832;235
1454;52.29260900108834;235
1455;52.723069945888035;235
1456;53.15619451890262;235
1457;53.158859773309715;235
1458;53.19212579817862;235
1459;53.248790035758105;235
1460;53.38859916790417;235
1461;54.02518648803377;235
1462;54.14374846105783;236
1463;54.52471139736622;236
1464;55.08046499463315;236
1465;55.181126464401764;236
1466;55.658104845922146;236
1467;55.83283817391587;236
1468;55.90145769569274;236
1469;56.217850072505094;237
1470;56.29332551545494;237
1471;56.56734175947296;237
1472;56.57697389600886;237
1473;56.70622399278137;237
1474;56.82980828132768;237
1475;57.373018029191066;237
1476;57.41968155101905;237
1477;57.72874681248012;237
1478;58.22192057930373;237
1479;58.36911446938303;237
1480;58.38326863311596;237
1481;58.485092608327534;237
1482;58.56397412242622;238
1483;58.77202147648856;238
1484;59.07768718195744;238
1485;59.226220197536236;238
1486;59.435734517845525;238
1487;59.52622051573011;238
1488;59.6037024806029;238
1489;59.728465929953856;238
1490;60.22738735739116;238
1491;60.29771095574541;238
1492;60.973794452745814;238
1493;61.12812135713757;238
1494;61.35616134913781;239
1495;61.54382543471181;239
1496;61.745023713951056;239
1497;61.92448308560052;239
1498;62.24260940501205;239
1499;62.72519107058035;239
1500;63.36956958415483;239
1501;63.58655065714661;239
1502;63.825963004209804;239
1503;63.98056234670165;239
1504;64.38126451588228;239
1505;64.56731439485921;239
1506;64.79884842085353;239
1507;64.96868726165141;239
1508;65.15168520777955;239
1509;65.79091980611956;239
1510;65.79333666110043;239
1511;65.92497589490387;239
1512;66.25967215736873;240
1513;66.33656994369;240
1514;66.69715616860871;240
1515;67.0662846907425;240
1516;67.44856302951676;240
1517;67.63153500028078;240
1518;67.68840635749447;240
1519;67.72797037688521;240
1520;68.02241584861052;240
1521;68.1448567220166;240
1522;68.15282227143926;240
1523;68.24906575046296;240
1524;68.58811108138029;240
1525;68.65076439549863;240
1526;68.65076439549863;241
1527;68.982341343488;241
1528;69.0303212276974;241
1529;69.09021171848381;241
1530;69.36917164959898;241
1531;69.3725962023781;241
1532;69.48568399948229;241
1533;69.53970624946247;241
1534;69.55716893959045;241
1535;69.82236377109608;241
1536;70.09847784000429;241
1537;70.20369952560422;241
1538;70.3606203270581;242
1539;70.66080221186182;242
1540;70.69913775379558;242
1541;70.92324839426787;242
1542;71.03481181135291;242
1543;71.13612826219398;242
1544;71.4283875935074;242
1545;71.61388261132618;242
1546;71.69628525574177;242
1547;71.73423082436713;242
1548;71.78966803124392;242
1549;71.99556368293406;243
1550;72.2054663477747;243
1551;72.3571404512507;243
1552;72.4330967193373;243
1553;72.5512209749926;243
1554;72.58228882804315;243
1555;72.70288526531603;243
1556;72.71199169146864;243
1557;72.74382128921386;243
1558;72.78407064534282;243
1559;73.24893407971304;243
1560;73.3052727567074;243
1561;73.56668177305559;244
1562;73.82085282169496;244
1563;74.24050042069518;244
1564;74.63481652105385;244
1565;74.67482565806563;244
1566;74.86377691357565;244
1567;75.04757951804761;244
1568;75.22554252179727;244
1569;75.23135263114017;244
1570;75.66159065585;244
1571;75.68572148214854;244
1572;76.01869698502057;244
1573;76.41021373623992;245
1574;76.54108807323765;245
1575;76.56569952522233;245
1576;76.94438707928319;245
1577;76.9870034924234;245
1578;77.24439989799211;245
1579;77.38721982826546;245
1580;77.39919973661085;245
1581;77.47483237767315;245
1582;77.86869314305568;245
1583;77.98272875318581;245
1584;77.98372747419829;245
1585;78.11597321054074;246
1586;78.35402563237724;246
1587;78.38923319702384;246
1588;78.55691600406303;246
1589;78.60716403068464;246
1590;78.64945475897991;246
1591;78.65346259165192;246
1592;78.69383773327912;246
1593;78.70949757825275;246
1594;78.76878978261762;246
1595;78.77398915722793;246
1596;79.01051342116111;247
1597;79.06919612852995;247
1598;79.0919414708849;247
1599;79.64955515414843;247
1600;79.65346268373125;247
1601;79.69108950173178;247
1602;79.7589600422115;247
1603;79.83441307058882;247
1604;79.92901084632476;248
1605;80.02693604301967;248
1606;80.18066075231246;248
1607;80.40339604631862;248
1608;80.68273833529022;248
1609;80.69708213165224;248
1610;80.86799467315434;248
1611;80.92055846057401;248
1612;81.10836442123389;248
1613;81.18661249628911;249
1614;81.23291193149556;249
1615;81.33347851896585;249
1616;81.44203275293854;249
1617;81.67668973645708;249
1618;81.76042894501245;249
1619;81.9194264688781;249
1620;82.17847227200086;249
1621;82.20314717929149;249
1622;82.58262496257012;249
1623;82.86848311417435;249
1624;82.958504855268;249
1625;83.06713262184358;249
1626;83.47656231852832;249
1627;83.53597655981606;249
1628;83.80997210058399;250
1629;83.88731450036683;250
1630;84.02396277788378;250
1631;84.05673111569726;251
1632;84.09153542838794;251
1633;84.34227804441736;251
1634;84.42232561748828;251
1635;84.60718364502323;251
1636;84.6540354140699;251
1637;84.79575157911775;252
1638;84.80820517363311;252
1639;84.83018942954749;252
1640;85.12145253854153;252
1641;85.39136802823526;252
1642;85.7421396422046;252
1643;85.91470020983029;252
1644;86.015352498001;252
1645;86.2530538192295;252
1646;86.33350724074505;252
1647;86.34756199146295;253
1648;86.50235613667594;253
1649;86.50235613667594;253
1650;86.53402056344889;253
1651;86.5490855215259;254
1652;86.60304875276367;254
1653;86.6563911099606;254
1654;86.68999117384634;255
1655;87.01749360963854;255
1656;87.14343966850889;255
1657;87.37954613580699;255
1658;87.4330528655046;255
1659;87.79095052170116;255
1660;87.94733058723753;256
1661;88.16360117388166;256
1662;88.31991244991173;256
1663;88.35347259256714;257
1664;88.44273737183468;257
1665;88.57447764151935;257
1666;88.64586660630619;258
1667;89.00544294059547;258
1668;89.97178202611462;258
1669;90.04578896043564;258
1670;90.46667523227804;259
1671;90.53479887153365;259
1672;90.53957669163627;259
1673;90.66146407911323;260
1674;90.85167009994477;260
1675;90.89356605194706;260
1676;90.89356605194706;260
1677;90.8959371167243;261
1678;91.32525344241799;261
1679;91.65277526165124;261
1680;91.91718568011103;261
1681;92.04988568536007;262
1682;92.10232710116884;262
1683;92.11225867257419;262
1684;92.15637541314265;263
1685;92.18933560404236;263
1686;92.20614229143176;263
1687;92.210000345857;263
1688;92.24517798058766;263
1689;92.25822391588665;264
1690;92.32541544313341;264
1691;92.42892122309723;264
1692;92.56036576524241;264
1693;92.72408439460709;265
1694;92.77171831310966;265
1695;92.80379471640097;265
1696;92.97527080785262;266
1697;93.09999294490541;266
1698;93.20722858117783;266
1699;93.21037908163896;267
1700;93.63362595575155;267
1701;93.73035832320724;267
1702;93.76234557625135;267
1703;94.29757777308234;268
1704;94.29850072744117;268
1705;94.32696684679517;269
1706;94.35973751904618;270
1707;94.58161148590835;270
1708;94.60384496417964;270
1709;94.82028060878041;270
1710;95.16951616754584;271
1711;95.21860713862144;271
1712;95.23285247380014;271
1713;95.71180887383015;272
1714;95.87072529483868;273
1715;95.88026882104458;274
1716;95.97537529053459;275
1717;96.01388142162263;276
1718;96.01543159961567;277
1719;96.01840536780635;278
1720;96.09734838498754;278
1721;96.23953067494178;278
1722;96.34347381893721;279
1723;96.47844675012006;279
1724;96.58510528615584;280
1725;96.73834489717034;280
1726;96.89917710578123;280
1727;96.92834325410385;281
1728;97.11376681464762;281
1729;97.14808946363097;281
1730;97.56068734859363;281
1731;97.58897540481148;282
1732;97.68463855103982;282
1733;97.7784887718114;282
1734;97.89375516938537;283
1735;98.08674383422968;283
1736;98.86897865103803;283
1737;99.10076800862096;284
1738;99.48017629974947;285
1739;99.56891229974275;285
1740;99.62441980692266;286
1741;99.76125677928077;286
1742;99.79787115012067;287
1743;99.97424816799521;287
1744;100.0;287
1745;100.0;288
1746;100.0;288
1747;100.0;288
1748;100.0;290
1749;100.0;290
1750;100.0;291
1751;100.0;291
1752;100.0;293
1753;100.0;294
1754;100.0;294
1755;100.0;294
1756;100.0;295
1757;100.0;295
1758;100.0;296
1759;100.0;297
1760;100.0;297
1761;100.0;298
1762;100.0;299
1763;100.0;299
1764;100.0;299
1765;100.0;300
1766;100.0;301
1767;100.0;302
1768;100.0;303
1769;100.0;304
1770;100.0;305
1771;100.0;308
1772;100.0;309
1773;100.0;309
1774;100.0;310
